z,A,Cx,Cy,Ix,Iy
15,1.9898,0,0,0.67504,0.67504

