z,torsion_alpha_sv,A,Cx,Cy,Ix,Iy
15.0,1,2.0098654060479992,0,0,0.6818604922504896,0.6818604922504898
