z,torsion_alpha_sv,A,Cx,Cy,Ix,Iy,J_sv,J_s_vroark_fidelity
15.0,1,2.0098654060479992,0,0,0.6818604922504896,0.6818604922504898,1.3637209845009794,0.49369323543684995
